"";"Day";"CellType";"Perc"
"1";"Day 1";"FI";24,19758859
"2";"Day 1";"FI";12,889885
"3";"Day 1";"FI";16,11439991
"4";"Day 1";"FI";35,8801317
"5";"Day 1";"FI";16,01236253
"6";"Day 1";"FI";33,31786251
"7";"Day 1";"FI";27,21475373
"8";"Day 1";"FI";32,13969194
"9";"Day 1";"FI";24,21377347
"10";"Day 1";"FI";31,09072241
"11";"Day 1";"FI";21,95858047
"12";"Day 1";"FI";22,48431324
"13";"Day 1";"FI";32,41991605
"14";"Day 1";"FI";12,81490875
"15";"Day 1";"FI";18,14487794
"16";"Day 1";"FI";10,30845728
"17";"Day 1";"FI";15,20042164
"18";"Day 1";"FI";20,0723614
"19";"Day 1";"FI";24,93046672
"20";"Day 1";"FI";5,904283588
"21";"Day 1";"FI";29,0837327
"22";"Day 1";"FI";20,70118183
"23";"Day 1";"FI";22,05472982
"24";"Day 1";"FI";34,34115242
"25";"Day 1";"FI";21,67995142
"26";"Day 1";"FI";33,43555948
"27";"Day 1";"FI";28,48668632
"28";"Day 1";"FI";36,336657
"29";"Day 1";"FI";17,91704659
"30";"Day 1";"FI";19,69508778
"31";"Day 1";"FI";22,81403002
"32";"Day 1";"FI";25,97329004
"33";"Day 1";"FI";22,86010829
"34";"Day 1";"FI";31,69684656
"35";"Day 1";"FI";35,08678053
"36";"Day 1";"FI";29,90057183
"37";"Day 1";"FI";26,62084903
"38";"Day 1";"FI";14,16553228
"39";"Day 1";"FI";32,60835248
"40";"Day 1";"FI";18,4764902
"41";"Day 1";"FI";17,43057525
"42";"Day 1";"FI";29,42770147
"43";"Day 1";"FI";11,14476687
"44";"Day 1";"FI";17,85802029
"45";"Day 1";"FI";14,85469549
"46";"Day 1";"FI";19,38553038
"47";"Day 1";"FI";13,7037457
"48";"Day 1";"FI";12,01368986
"49";"Day 1";"FI";15,73468392
"50";"Day 1";"FI";19,00274463
"51";"Day 1";"FI";25,26446302
"52";"Day 1";"FI";23,51161586
"53";"Day 1";"FI";17,33780409
"54";"Day 1";"FI";21,92815246
"55";"Day 1";"FI";17,37383235
"56";"Day 1";"FI";24,45503236
"57";"Day 1";"FI";34,05737186
"58";"Day 1";"FI";9,399981559
"59";"Day 1";"FI";20,41307687
"60";"Day 1";"FI";11,31226879
"61";"Day 1";"FI";12,78087414
"62";"Day 1";"FI";16,49811412
"63";"Day 1";"FI";10,18755372
"64";"Day 1";"FI";24,28209294
"65";"Day 1";"FI";24,12067196
"66";"Day 1";"FI";11,47792183
"67";"Day 1";"FI";18,27551759
"68";"Day 1";"FI";25,14848208
"69";"Day 1";"FI";24,1613735
"70";"Day 1";"FI";13,43663434
"71";"Day 1";"FI";17,06402989
"72";"Day 1";"FI";27,27823946
"73";"Day 1";"FI";14,05733366
"74";"Day 1";"FI";27,75484188
"75";"Day 1";"FI";8,018142369
"76";"Day 1";"FI";24,812662
"77";"Day 1";"FI";22,54534628
"78";"Day 1";"FI";22,98548957
"79";"Day 1";"FI";28,8973646
"80";"Day 1";"FI";21,36795519
"81";"Day 1";"FI";18,24084434
"82";"Day 1";"FI";14,97987267
"83";"Day 1";"FI";17,44113753
"84";"Day 1";"FI";9,051146613
"85";"Day 1";"FI";11,50041071
"86";"Day 1";"FI";19,25610995
"87";"Day 1";"FI";14,77505135
"88";"Day 1";"FI";13,95530209
"89";"Day 1";"FI";33,67905656
"90";"Day 1";"FI";8,725265062
"91";"Day 1";"FI";29,92165087
"92";"Day 1";"FI";70,39849354
"93";"Day 1";"FI";55,17666437
"94";"Day 1";"FI";18,28661628
"95";"Day 1";"FI";17,30449203
"96";"Day 1";"FI";15,12272676
"97";"Day 1";"FI";25,03346544
"98";"Day 1";"FI";21,02844749
"99";"Day 1";"FI";30,97307583
"100";"Day 1";"FI";24,2470118
"101";"Day 1";"FI";72,9028282
"102";"Day 1";"FI";9,003438263
"103";"Day 1";"FI";41,18224877
"104";"Day 1";"FI";19,776439
"105";"Day 1";"FI";9,903762697
"106";"Day 1";"FI";10,87295839
"107";"Day 1";"FI";23,18023631
"108";"Day 1";"FI";19,43657623
"109";"Day 1";"FI";24,98438402
"110";"Day 1";"FI";6,657869195
"111";"Day 1";"FI";15,41746953
"112";"Day 1";"FI";40,47221924
"113";"Day 1";"FI";4,173126969
"114";"Day 1";"FI";24,61377038
"115";"Day 1";"FI";17,36709267
"116";"Day 1";"FI";29,18678673
"117";"Day 1";"FI";20,50784735
"118";"Day 1";"FI";20,23791978
"119";"Day 1";"FI";24,70115764
"120";"Day 1";"FI";9,387374171
"121";"Day 1";"FI";12,90662457
"122";"Day 1";"FI";22,14223724
"123";"Day 1";"FI";15,82013694
"124";"Day 1";"FI";21,10878106
"125";"Day 1";"FI";38,71171301
"126";"Day 1";"FI";13,41366053
"127";"Day 1";"FI";22,63083352
"128";"Day 1";"FI";41,77588662
"129";"Day 1";"FI";23,52742971
"130";"Day 1";"FI";17,20518399
"131";"Day 1";"FI";28,34980727
"132";"Day 1";"FI";13,72488568
"133";"Day 1";"FI";26,82338369
"134";"Day 1";"FI";8,191164001
"135";"Day 1";"FI";19,73292035
"136";"Day 1";"FI";22,46392414
"137";"Day 1";"FI";27,3050708
"138";"Day 1";"FI";18,2160459
"139";"Day 1";"FI";22,04701521
"140";"Day 1";"FI";10,59228645
"141";"Day 1";"FI";10,90997449
"142";"Day 1";"FI";12,05254235
"143";"Day 1";"FI";32,07718741
"144";"Day 1";"FI";22,47867352
"145";"Day 1";"FI";13,27830742
"146";"Day 1";"FI";30,95715452
"147";"Day 1";"FI";19,91996993
"148";"Day 1";"FI";16,36523195
"149";"Day 1";"FI";23,23423272
"150";"Day 1";"FI";11,88948567
"151";"Day 1";"FI";35,84036719
"152";"Day 1";"FI";18,55677499
"153";"Day 1";"FI";12,44190446
"154";"Day 1";"FI";20,51308467
"155";"Day 1";"FI";21,42512073
"156";"Day 1";"FI";19,09894767
"157";"Day 1";"FI";23,70238139
"158";"Day 1";"FI";7,53935194
"159";"Day 1";"FI";31,01199194
"160";"Day 1";"FI";14,66728198
"161";"Day 1";"FI";14,49349428
"162";"Day 1";"FI";14,67104367
"163";"Day 1";"FI";16,05494154
"164";"Day 1";"FI";14,00004906
"165";"Day 1";"FI";11,32933655
"166";"Day 1";"FI";16,42071713
"167";"Day 1";"FI";17,95226345
"168";"Day 1";"FI";17,0024971
"169";"Day 1";"FI";30,85501101
"170";"Day 1";"FI";23,74081743
"171";"Day 1";"FI";14,1280664
"172";"Day 1";"FI";50,55002971
"173";"Day 1";"FI";21,01432915
"174";"Day 1";"FI";19,91041324
"175";"Day 1";"FI";24,85254874
"176";"Day 1";"FI";26,17560946
"177";"Day 1";"FI";50,64655641
"178";"Day 1";"FI";60,00794268
"179";"Day 1";"FI";83,93750425
"180";"Day 1";"FI";68,31627225
"181";"Day 1";"FI";29,02598528
"182";"Day 1";"FI";49,14717511
"183";"Day 1";"FI";64,32324731
"184";"Day 1";"FI";47,45745034
"185";"Day 1";"FI";31,22339674
"186";"Day 1";"FI";36,48021846
"187";"Day 1";"FI";54,87133412
"188";"Day 1";"FI";51,50039582
"189";"Day 1";"FI";34,01291348
"190";"Day 1";"FI";24,70232097
"191";"Day 1";"FI";55,87943715
"192";"Day 1";"FI";52,22767289
"193";"Day 1";"FI";82,0641626
"194";"Day 1";"FI";10,52197566
"195";"Day 1";"FI";73,97236037
"196";"Day 1";"FI";46,81021266
"197";"Day 1";"FI";84,07626255
"198";"Day 1";"FI";61,55807668
"199";"Day 1";"FI";34,28144672
"200";"Day 1";"FI";39,79905672
"201";"Day 1";"FI";56,48077869
"202";"Day 1";"FI";41,68717647
"203";"Day 1";"FI";49,95890732
"204";"Day 1";"FI";19,08725952
"205";"Day 1";"FI";34,59564246
"206";"Day 1";"FI";43,29922514
"207";"Day 1";"FI";27,29266269
"208";"Day 1";"FI";63,34074529
"209";"Day 1";"FI";34,44518596
"210";"Day 1";"FI";83,26469592
"211";"Day 1";"FI";33,53676771
"212";"Day 1";"FI";32,77580051
"213";"Day 1";"FI";40,25832726
"214";"Day 1";"FI";28,71786358
"215";"Day 1";"FI";17,82156987
"216";"Day 1";"FI";20,52034779
"217";"Day 1";"FI";26,48897212
"218";"Day 1";"FI";48,10730334
"219";"Day 1";"FI";37,13220162
"220";"Day 1";"FI";46,59790732
"221";"Day 1";"FI";37,85718517
"222";"Day 1";"FI";50,20546178
"223";"Day 1";"FI";63,28358561
"224";"Day 1";"FI";89,69205347
"225";"Day 1";"FI";31,2169587
"226";"Day 1";"FI";30,12728214
"227";"Day 1";"FI";44,88385732
"228";"Day 1";"FI";34,21509087
"229";"Day 1";"FI";57,21625865
"230";"Day 1";"FI";30,21882738
"231";"Day 1";"FI";42,49468441
"232";"Day 1";"FI";NA
"233";"Day 1";"FI";60,90921186
"234";"Day 1";"FI";81,38166631
"235";"Day 1";"FI";24,7964259
"236";"Day 1";"FI";78,3159095
"237";"Day 1";"FI";41,83939619
"238";"Day 1";"FI";31,00199267
"239";"Day 1";"FI";54,84573473
"240";"Day 1";"FI";54,65666192
"241";"Day 1";"FI";40,55422239
"242";"Day 1";"FI";32,63124739
"243";"Day 1";"FI";94,34599832
"244";"Day 1";"FI";54,61985109
"245";"Day 1";"FI";NA
"246";"Day 1";"FI";NA
"247";"Day 1";"FI";31,29378569
"248";"Day 1";"FI";22,86456497
"249";"Day 1";"FI";16,60997318
"250";"Day 1";"FI";30,57786903
"251";"Day 1";"FI";49,71915763
"252";"Day 1";"FI";45,73805595
"253";"Day 1";"FI";23,63200357
"254";"Day 1";"FI";40,73277905
"255";"Day 1";"FI";60,53464094
"256";"Day 1";"FI";55,33364548
"257";"Day 1";"FI";42,56100254
"258";"Day 1";"FI";16,34945504
"259";"Day 1";"FI";17,2024607
"260";"Day 1";"FI";28,41593506
"261";"Day 1";"FI";21,91123499
"262";"Day 1";"FI";85,19078834
"263";"Day 1";"FI";24,62661104
"264";"Day 1";"FI";47,38579535
"265";"Day 1";"FI";28,42221393
"266";"Day 1";"FI";43,88750084
"267";"Day 1";"FI";15,68645643
"268";"Day 1";"FI";35,4922266
"269";"Day 1";"FI";86,24067703
"270";"Day 1";"FI";38,31753391
"271";"Day 1";"FI";25,74944874
"272";"Day 1";"FI";36,81181228
"273";"Day 1";"FI";40,71410781
"274";"Day 1";"FI";13,50161912
"275";"Day 1";"FI";80,58218184
"276";"Day 1";"FI";29,74672049
"277";"Day 1";"FI";52,32119313
"278";"Day 1";"FI";25,75256014
"279";"Day 1";"FI";67,56665555
"280";"Day 1";"FI";66,97159894
"281";"Day 1";"FI";60,91653649
"282";"Day 1";"FI";10,93120919
"283";"Day 1";"FI";61,32083234
"284";"Day 1";"FI";26,87287952
"285";"Day 1";"FI";NA
"286";"Day 1";"FI";56,08652717
"287";"Day 1";"FI";39,44823457
"288";"Day 1";"FI";NA
"289";"Day 1";"FI";51,56883855
"290";"Day 1";"FI";75,6280962
"291";"Day 1";"FI";36,55458999
"292";"Day 1";"FI";43,24930291
"293";"Day 1";"FI";44,92116903
"294";"Day 1";"FI";25,96467856
"295";"Day 1";"FI";13,67648618
"296";"Day 1";"FI";75,17052438
"297";"Day 1";"FI";48,18678041
"298";"Day 1";"FI";28,92678751
"299";"Day 1";"FI";57,0152966
"300";"Day 1";"FI";24,76825145
"301";"Day 1";"FI";26,37342492
"302";"Day 1";"FI";38,95362324
"303";"Day 1";"FI";52,80767906
"304";"Day 1";"FI";25,72605131
"305";"Day 1";"FI";40,42990007
"306";"Day 1";"FI";90,58377779
"307";"Day 1";"FI";15,30442172
"308";"Day 1";"FI";30,46128212
"309";"Day 1";"FI";50,53747854
"310";"Day 1";"FI";59,9437062
"311";"Day 1";"FI";16,94591635
"312";"Day 1";"FI";64,96644876
"313";"Day 1";"FI";65,13210359
"314";"Day 1";"FI";23,59868204
"315";"Day 1";"FI";41,11416283
"316";"Day 1";"FI";26,57866029
"317";"Day 1";"FI";8,211786486
"318";"Day 1";"FI";79,27576066
"319";"Day 1";"FI";27,94542529
"320";"Day 1";"FI";53,35313566
"321";"Day 1";"FI";35,9379119
"322";"Day 1";"FI";27,53338441
"323";"Day 1";"FI";32,79716059
"324";"Day 1";"FI";39,37028334
"325";"Day 1";"FI";50,32242194
"326";"Day 1";"FI";28,40431191
"327";"Day 1";"FI";49,55489943
"328";"Day 1";"FI";28,41087266
"329";"Day 1";"FI";19,54579222
"330";"Day 1";"FI";44,80126991
"331";"Day 1";"FI";28,59608084
"332";"Day 1";"FI";84,81427188
"333";"Day 1";"FI";12,61372205
"334";"Day 1";"FI";28,18723173
"335";"Day 1";"FI";49,78412545
"336";"Day 1";"FI";11,8191755
"337";"Day 1";"FI";47,1573034
"338";"Day 1";"FI";76,05465873
"339";"Day 1";"FI";50,89249889
"340";"Day 1";"FI";27,64118574
"341";"Day 1";"FI";39,31280623
"342";"Day 1";"FI";20,0099652
"343";"Day 1";"FI";12,00595877
"344";"Day 1";"FI";32,88509698
"345";"Day 1";"FI";33,20848665
"346";"Day 1";"FI";20,32134075
"347";"Day 1";"FI";44,96841071
"348";"Day 1";"FI";28,95679065
"349";"Day 1";"FI";49,08037437
"350";"Day 1";"FI";35,3748673
"351";"Day 1";"FI";23,05461462
"352";"Day 1";"FI";31,17246027
"353";"Day 1";"FI";53,73425439
"354";"Day 1";"FI";16,84321175
"355";"Day 1";"FI";24,93209982
"356";"Day 1";"FI";58,7726579
"357";"Day 1";"FI";61,09801219
"358";"Day 1";"FI";20,2678272
"359";"Day 1";"FI";72,27981978
"360";"Day 1";"FI";51,03951167
"361";"Day 1";"FI";51,05917526
"362";"Day 1";"FI";26,81993046
"363";"Day 1";"FI";66,47077418
"364";"Day 1";"FI";22,354495
"365";"Day 1";"FI";69,15652318
"366";"Day 1";"FI";50,26682835
"367";"Day 1";"FI";33,91693464
"368";"Day 1";"FI";35,75628498
"369";"Day 1";"FI";62,52072455
"370";"Day 1";"FI";34,46468974
"371";"Day 1";"FI";49,93478984
"372";"Day 1";"FI";27,78419493
"373";"Day 1";"FI";50,08962726
"374";"Day 1";"FI";38,94393355
"375";"Day 1";"FI";46,14683928
"376";"Day 1";"FI";16,93657431
"377";"Day 1";"FI";29,25634064
"378";"Day 1";"FI";58,44856458
"379";"Day 1";"FI";54,76777583
"380";"Day 1";"FI";42,8987947
"381";"Day 1";"FI";37,08192659
"382";"Day 1";"FI";86,86847274
"383";"Day 1";"FI";50,77509273
"384";"Day 1";"FI";48,02414734
"385";"Day 1";"FI";40,17352951
"386";"Day 1";"FI";25,19670925
"387";"Day 1";"FI";50,85900969
"388";"Day 1";"FI";52,82968473
"389";"Day 1";"FI";65,49701522
"390";"Day 1";"FI";35,13705101
"391";"Day 1";"FI";21,06430285
"392";"Day 1";"FI";29,02942744
"393";"Day 1";"FI";33,73669211
"394";"Day 1";"FI";51,65534327
"395";"Day 1";"FI";22,95935246
"396";"Day 1";"FI";40,98770687
"397";"Day 1";"FI";73,39132162
"398";"Day 1";"FI";42,02585766
"399";"Day 1";"FI";79,38279285
"400";"Day 1";"FI";59,64694589
"401";"Day 1";"FI";56,49038578
"402";"Day 1";"FI";32,24558373
"403";"Day 1";"FI";50,18569881
"404";"Day 1";"FI";41,50231358
"405";"Day 1";"FI";49,47692902
"406";"Day 1";"FI";27,59862155
"407";"Day 1";"FI";71,69636469
"408";"Day 1";"FI";33,39704832
"409";"Day 1";"FI";25,6742866
"410";"Day 1";"FI";28,47709594
"411";"Day 1";"FI";55,26897784
"412";"Day 1";"FI";19,66528736
"413";"Day 1";"FI";33,6493358
"414";"Day 1";"FI";43,89140171
"415";"Day 1";"FI";27,71764262
"416";"Day 1";"FI";31,61125839
"417";"Day 1";"FI";23,32508867
"418";"Day 1";"FI";61,55036305
"419";"Day 1";"FI";13,4259501
"420";"Day 1";"FI";28,35770624
"421";"Day 1";"FI";17,70618554
"422";"Day 1";"FI";29,32711077
"423";"Day 1";"FI";34,10376271
"424";"Day 1";"FI";28,51833627
"425";"Day 1";"FI";44,57940235
"426";"Day 1";"FI";47,12577428
"427";"Day 1";"FI";72,6084909
"428";"Day 1";"FI";22,2983205
"429";"Day 1";"FI";42,7085288
"430";"Day 1";"FI";53,78150117
"431";"Day 1";"FI";39,88200561
"432";"Day 1";"FI";50,07611326
"433";"Day 1";"FI";17,61709664
"434";"Day 1";"FI";31,6014695
"435";"Day 1";"FI";66,77143087
"436";"Day 1";"FI";44,1946914
"437";"Day 1";"FI";25,49863682
"438";"Day 1";"FI";49,23832636
"439";"Day 1";"FI";16,76307822
"440";"Day 1";"FI";35,82779112
"441";"Day 1";"FI";27,5018237
"442";"Day 1";"FI";10,40550602
"443";"Day 1";"FI";49,59044321
"444";"Day 1";"FI";27,8518775
"445";"Day 1";"FI";24,69970507
"446";"Day 1";"FI";26,54894135
"447";"Day 1";"FI";47,53437921
"448";"Day 1";"FI";36,12009507
"449";"Day 1";"FI";46,19233766
"450";"Day 1";"FI";24,27211342
"451";"Day 1";"FI";34,71969953
"452";"Day 1";"FI";47,36353974
"453";"Day 1";"FI";34,13127089
"454";"Day 1";"FI";22,27865233
"455";"Day 1";"FI";30,69105897
"456";"Day 1";"FI";72,95641343
"457";"Day 1";"FI";42,19004104
"458";"Day 1";"FI";30,33568884
"459";"Day 1";"FI";44,64947925
"460";"Day 1";"FI";20,2053348
"461";"Day 1";"FI";27,75632603
"462";"Day 1";"FI";49,25419057
"463";"Day 1";"FI";21,50837067
"464";"Day 1";"FI";49,96579804
"465";"Day 1";"FI";32,14972741
"466";"Day 1";"FI";34,92231562
"467";"Day 1";"FI";42,2134505
"468";"Day 1";"FI";56,59158691
"469";"Day 1";"FI";50,24942213
"470";"Day 1";"FI";38,36064138
"471";"Day 1";"FI";36,58119474
"472";"Day 1";"FI";25,1605927
"473";"Day 1";"FI";49,97904006
"474";"Day 1";"FI";23,55147571
"475";"Day 1";"FI";24,38522173
"476";"Day 1";"FI";25,18369038
"477";"Day 1";"FI";39,37613696
"478";"Day 1";"FI";46,31659419
"479";"Day 1";"FI";37,26545169
"480";"Day 1";"FI";15,78086826
"481";"Day 1";"FI";62,233752
"482";"Day 1";"FI";47,50433411
"483";"Day 1";"FI";61,34346158
"484";"Day 1";"FI";38,52670434
"485";"Day 1";"FI";47,15283201
"486";"Day 1";"FI";20,61415975
"487";"Day 1";"FI";44,67145138
"488";"Day 1";"FI";38,74793756
"489";"Day 1";"FI";45,28477072
"490";"Day 1";"FI";29,23705964
"491";"Day 1";"FI";32,79215681
"492";"Day 1";"FI";51,2550061
"493";"Day 1";"FI";29,93011347
"494";"Day 1";"FI";18,30652411
"495";"Day 1";"FI";54,43850264
"496";"Day 1";"FI";34,95709881
"497";"Day 1";"FI";34,66364352
"498";"Day 1";"FI";88,20509708
"499";"Day 1";"FI";95,25814153
"500";"Day 1";"FI";28,36225234
"501";"Day 1";"FI";39,81174204
"502";"Day 1";"FI";66,79297885
"503";"Day 1";"FI";23,34459746
"504";"Day 1";"FI";22,04486532
"505";"Day 1";"FI";33,51594867
"506";"Day 1";"FI";30,97353724
"507";"Day 1";"FI";9,042779502
"508";"Day 1";"FI";21,59391577
"509";"Day 1";"FI";31,00202629
"510";"Day 1";"FI";97,19400706
"511";"Day 1";"FI";40,05018543
"512";"Day 1";"FI";41,53004806
"513";"Day 1";"FI";44,6856569
"514";"Day 1";"FI";31,03012418
"515";"Day 1";"FI";28,61678288
"516";"Day 1";"FI";32,30042333
"517";"Day 1";"FI";49,93833251
"518";"Day 1";"FI";72,03387811
"519";"Day 1";"FI";37,38194302
"520";"Day 1";"FI";17,50007646
"521";"Day 1";"FI";25,33292588
"522";"Day 1";"FI";14,65327729
"523";"Day 1";"FI";22,38117299
"524";"Day 1";"FI";28,61806716
"525";"Day 1";"FI";29,81949534
"526";"Day 1";"FI";36,63355928
"527";"Day 1";"FI";32,64787035
"528";"Day 1";"FI";58,68191565
"529";"Day 1";"FI";74,0306185
"530";"Day 1";"FI";28,30334856
"531";"Day 1";"FI";85,08659912
"532";"Day 1";"FI";22,88193506
"533";"Day 1";"FI";13,09681212
"534";"Day 1";"FI";38,20907702
"535";"Day 1";"FI";48,6480034
"536";"Day 1";"FI";40,21338588
"537";"Day 1";"FI";69,93187183
"538";"Day 1";"FI";76,57109188
"539";"Day 1";"FI";34,41402431
"540";"Day 1";"FI";16,46029052
"541";"Day 1";"FI";21,46227399
"542";"Day 1";"FI";38,52203293
"543";"Day 1";"FI";60,99562344
"544";"Day 1";"FI";55,77309123
"545";"Day 1";"FI";9,963062282
"546";"Day 1";"FI";16,14166998
"547";"Day 1";"FI";49,15914926
"548";"Day 1";"FI";32,78106238
"549";"Day 1";"FI";33,42176121
"550";"Day 1";"FI";37,45742367
"551";"Day 1";"FI";49,45310848
"552";"Day 1";"FI";41,50170709
"553";"Day 1";"FI";32,72737002
"554";"Day 1";"FI";20,49495501
"555";"Day 1";"FI";47,18569399
"556";"Day 1";"FI";25,31576213
"557";"Day 1";"FI";26,82334291
"558";"Day 1";"FI";19,82686243
"559";"Day 1";"FI";14,1969389
"560";"Day 1";"FI";28,6145597
"561";"Day 1";"FI";18,09552284
"562";"Day 1";"FI";94,05065145
"563";"Day 1";"FI";61,48826844
"564";"Day 1";"FI";33,65622079
"565";"Day 1";"FI";48,89918355
"566";"Day 1";"FI";32,877761
"567";"Day 1";"FI";25,93874964
"568";"Day 1";"FI";24,18786499
"569";"Day 1";"FI";19,41791394
"570";"Day 1";"FI";42,20094246
"571";"Day 1";"FI";32,1288151
"572";"Day 1";"FI";52,6113156
"573";"Day 1";"FI";29,77615137
"574";"Day 1";"FI";23,70592894
"575";"Day 1";"FI";22,06740508
"576";"Day 1";"FI";23,41070285
"577";"Day 1";"FI";58,24357345
"578";"Day 1";"FI";22,85678198
"579";"Day 1";"FI";9,995699484
"580";"Day 1";"FI";17,94787803
"581";"Day 1";"FI";26,0192133
"582";"Day 1";"FI";25,55603327
"583";"Day 1";"FI";20,8692184
"584";"Day 1";"FI";25,73686171
"585";"Day 1";"FI";16,89987564
"586";"Day 1";"FI";12,63711393
"587";"Day 1";"FI";18,59573464
"588";"Day 1";"FI";15,11677897
"589";"Day 1";"FI";45,78469439
"590";"Day 1";"FI";21,92299368
"591";"Day 1";"FI";27,38862848
"592";"Day 1";"FI";7,799422062
"593";"Day 1";"FI";8,585869742
"594";"Day 1";"FI";11,14220443
"595";"Day 1";"FI";15,55001683
"596";"Day 1";"FI";47,06852083
"597";"Day 1";"FI";32,49844067
"598";"Day 1";"FI";18,93301279
"599";"Day 1";"FI";43,31447115
"600";"Day 1";"FI";26,49118656
"601";"Day 1";"FI";9,24443894
"602";"Day 1";"FI";18,81894555
"603";"Day 1";"FI";12,87601139
"604";"Day 1";"FI";14,95181651
"605";"Day 1";"FI";29,74984038
"606";"Day 1";"FI";19,33344342
"607";"Day 1";"FI";25,73256123
"608";"Day 1";"FI";15,87212924
"609";"Day 1";"FI";11,47523893
"610";"Day 1";"FI";40,43823949
"611";"Day 1";"FI";17,65921824
"612";"Day 1";"FI";23,71742455
"613";"Day 1";"FI";34,46384065
"614";"Day 1";"FI";24,74776753
"615";"Day 1";"FI";18,20287691
"616";"Day 1";"FI";33,27016125
"617";"Day 1";"FI";13,23662862
"618";"Day 1";"FI";13,44687972
"619";"Day 1";"FI";15,50882518
"620";"Day 1";"FI";13,95208718
"621";"Day 1";"FI";30,8946359
"622";"Day 1";"FI";46,95856358
"623";"Day 1";"FI";29,41892141
"624";"Day 1";"FI";20,96190164
"625";"Day 1";"FI";21,32458379
"626";"Day 1";"FI";29,40494873
"627";"Day 1";"FI";32,25481148
"628";"Day 1";"FI";20,29875562
"629";"Day 1";"FI";14,70003187
"630";"Day 1";"FI";19,32964952
"631";"Day 1";"FI";24,73476577
"632";"Day 1";"FI";23,38428683
"633";"Day 1";"FI";41,82773236
"634";"Day 1";"FI";24,98521436
"635";"Day 1";"FI";11,00483289
"636";"Day 1";"FI";16,47021417
"637";"Day 1";"FI";27,64153805
"638";"Day 1";"FI";23,0787255
"639";"Day 1";"FI";32,06199354
"640";"Day 1";"FI";6,111618865
"641";"Day 1";"FI";20,77315745
"642";"Day 1";"FI";41,00837688
"643";"Day 1";"FI";17,52015338
"644";"Day 1";"FI";27,67885183
"645";"Day 1";"FI";20,557116
"646";"Day 1";"FI";26,32161619
"647";"Day 1";"FI";21,73563001
"648";"Day 1";"FI";24,01409882
"649";"Day 1";"FI";32,81781877
"650";"Day 1";"FI";16,70421595
"651";"Day 1";"FI";27,17525033
"652";"Day 1";"FI";10,29689635
"653";"Day 1";"FI";23,64870357
"654";"Day 1";"FI";18,76001753
"655";"Day 1";"FI";32,80947105
"656";"Day 1";"FI";15,62288573
"657";"Day 1";"FI";23,51932841
"658";"Day 1";"FI";30,74636084
"659";"Day 1";"FI";19,04423475
"660";"Day 1";"FI";18,98967653
"661";"Day 1";"FI";17,64444699
"662";"Day 1";"FI";16,7882702
"663";"Day 1";"FI";26,41912952
"664";"Day 1";"FI";52,68346986
"665";"Day 1";"FI";22,30041622
"666";"Day 1";"FI";35,58518496
"667";"Day 1";"FI";9,275081531
"668";"Day 1";"FI";21,07631683
"669";"Day 1";"FI";10,76365033
"670";"Day 1";"FI";31,79660275
"671";"Day 1";"FI";19,7603328
"672";"Day 1";"FI";26,98716516
"673";"Day 1";"FI";16,85615346
"674";"Day 1";"FI";13,32706337
"675";"Day 1";"FI";28,78835539
"676";"Day 1";"FI";19,84810001
"677";"Day 1";"FI";25,71255919
"678";"Day 1";"FI";34,73833904
"679";"Day 1";"FI";18,02060448
"680";"Day 1";"FI";45,70930472
"681";"Day 1";"FI";14,50167865
"682";"Day 1";"FI";34,89163872
"683";"Day 1";"FI";22,4216277
"684";"Day 1";"FI";22,24645259
"685";"Day 1";"FI";23,53159529
"686";"Day 1";"FI";21,78444615
"687";"Day 1";"FI";14,0589725
"688";"Day 1";"FI";23,94554189
"689";"Day 1";"FI";42,12961572
"690";"Day 1";"FI";13,30699634
"691";"Day 1";"FI";25,17983066
"692";"Day 1";"FI";37,99904292
"693";"Day 1";"FI";12,32551966
"694";"Day 1";"FI";79,26857557
"695";"Day 1";"FI";55,87344415
"696";"Day 1";"FI";28,447547
"697";"Day 1";"FI";12,29436801
"698";"Day 1";"FI";46,68316978
"699";"Day 1";"FI";33,8313064
"700";"Day 1";"FI";24,81399774
"701";"Day 1";"FI";47,51034542
"702";"Day 1";"FI";20,39960848
"703";"Day 1";"FI";14,93655044
"704";"Day 1";"FI";17,85458588
"705";"Day 1";"FI";14,21784457
"706";"Day 1";"FI";25,62542435
"707";"Day 1";"FI";23,17939968
"708";"Day 1";"FI";24,61896421
"709";"Day 1";"FI";15,25896489
"710";"Day 1";"FI";12,30709643
"711";"Day 1";"FI";29,38968686
"712";"Day 1";"FI";13,14135279
"713";"Day 1";"FI";25,60840247
"714";"Day 1";"FI";26,01123755
"715";"Day 1";"FI";41,74558442
"716";"Day 1";"FI";9,875678566
"717";"Day 1";"FI";16,88360517
"718";"Day 1";"FI";21,80858451
"719";"Day 1";"FI";35,29945945
"720";"Day 1";"FI";19,01086798
"721";"Day 1";"FI";15,84835687
"722";"Day 1";"FI";57,69314315
"723";"Day 1";"FI";25,74706918
"724";"Day 1";"FI";18,47006808
"725";"Day 1";"FI";17,45358709
"726";"Day 1";"FI";2,156613248
"727";"Day 1";"FI";3,588713251
"728";"Day 1";"FI";16,95700017
"729";"Day 1";"FI";4,664599834
"730";"Day 1";"FI";3,848160829
"731";"Day 1";"FI";10,48682736
"732";"Day 1";"FI";22,92979022
"733";"Day 1";"FI";17,39504348
"734";"Day 1";"FI";12,53167121
"735";"Day 1";"FI";16,14610549
"736";"Day 1";"FI";3,892538397
"737";"Day 1";"FI";5,542644174
"738";"Day 1";"FI";13,92110435
"739";"Day 1";"FI";4,74291469
"740";"Day 1";"FI";5,397414554
"741";"Day 1";"FI";4,087261873
"742";"Day 1";"FI";1,57984175
"743";"Day 1";"FI";1,528513683
"744";"Day 1";"FI";2,711656073
"745";"Day 1";"FI";11,92419749
"746";"Day 1";"FI";9,018269821
"747";"Day 1";"FI";9,513241887
"748";"Day 1";"FI";5,806490357
"749";"Day 1";"FI";10,73411747
"750";"Day 1";"FI";5,526904093
"751";"Day 1";"FI";2,157967712
"752";"Day 1";"FI";2,384480553
"753";"Day 1";"FI";7,227811122
"754";"Day 1";"FI";1,516272093
"755";"Day 1";"FI";7,798756958
"756";"Day 1";"FI";24,347969
"757";"Day 1";"FI";9,797033859
"758";"Day 1";"FI";24,75033847
"759";"Day 1";"FI";4,057075744
"760";"Day 1";"FI";3,473150506
"761";"Day 1";"FI";12,42870218
"762";"Day 1";"FI";2,834293329
"763";"Day 1";"FI";2,933648557
"764";"Day 1";"FI";9,402425482
"765";"Day 1";"FI";3,966578917
"766";"Day 1";"FI";5,533948422
"767";"Day 1";"FI";3,41380526
"768";"Day 1";"FI";10,77417544
"769";"Day 1";"FI";3,13091799
"770";"Day 1";"FI";24,86676434
"771";"Day 1";"FI";7,773675279
"772";"Day 1";"FI";4,131836141
"773";"Day 1";"FI";13,89628131
"774";"Day 1";"FI";10,68190559
"775";"Day 1";"FI";4,926384929
"776";"Day 1";"FI";10,40829576
"777";"Day 1";"FI";12,29147683
"778";"Day 1";"FS";16,63370355
"779";"Day 1";"FS";21,89642437
"780";"Day 1";"FS";11,90973801
"781";"Day 1";"FS";22,71783237
"782";"Day 1";"FS";15,95556144
"783";"Day 1";"FS";14,54225845
"784";"Day 1";"FS";27,44712113
"785";"Day 1";"FS";38,38932833
"786";"Day 1";"FS";13,4242743
"787";"Day 1";"FS";23,00366306
"788";"Day 1";"FS";11,21784622
"789";"Day 1";"FS";20,94727055
"790";"Day 1";"FS";14,01896153
"791";"Day 1";"FS";25,64137836
"792";"Day 1";"FS";20,13628308
"793";"Day 1";"FS";11,79913614
"794";"Day 1";"FS";39,05436059
"795";"Day 1";"FS";26,56904514
"796";"Day 1";"FS";48,7848569
"797";"Day 1";"FS";17,84334458
"798";"Day 1";"FS";14,18466128
"799";"Day 1";"FS";9,627468296
"800";"Day 1";"FS";7,400053993
"801";"Day 1";"FS";10,84692661
"802";"Day 1";"FS";6,766564797
"803";"Day 1";"FS";57,42323764
"804";"Day 1";"FS";52,6105131
"805";"Day 1";"FS";25,9946086
"806";"Day 1";"FS";60,44698436
"807";"Day 1";"FS";39,9520793
"808";"Day 1";"FS";25,65250826
"809";"Day 1";"FS";29,67806372
"810";"Day 1";"FS";42,91775689
"811";"Day 1";"FS";28,32795652
"812";"Day 1";"FS";12,14572686
"813";"Day 1";"FS";18,11274565
"814";"Day 1";"FS";18,64764384
"815";"Day 1";"FS";3,952243466
"816";"Day 1";"FS";13,18850194
"817";"Day 1";"FS";24,31289665
"818";"Day 1";"FS";25,26694967
"819";"Day 1";"FS";19,00338608
"820";"Day 1";"FS";66,894444
"821";"Day 1";"FS";10,12887107
"822";"Day 1";"FS";3,477662682
"823";"Day 1";"FS";20,25288122
"824";"Day 1";"FS";5,78225541
"825";"Day 1";"FS";56,7845592
"826";"Day 1";"FS";8,952169963
"827";"Day 1";"FS";43,70323657
"828";"Day 1";"FS";28,17199597
"829";"Day 1";"FS";59,09078739
"830";"Day 1";"FS";3,970033757
"831";"Day 1";"FS";40,85827049
"832";"Day 1";"FS";20,92487694
"833";"Day 1";"FS";47,96498754
"834";"Day 1";"FS";70,22104366
"835";"Day 1";"FS";27,29079618
"836";"Day 1";"FS";17,64725346
"837";"Day 1";"FS";20,41309752
"838";"Day 1";"FS";43,51636217
"839";"Day 1";"FS";9,439857869
"840";"Day 1";"FS";41,61391347
"841";"Day 1";"FS";72,19027167
"842";"Day 1";"FS";25,36017114
"843";"Day 1";"FS";73,67635656
"844";"Day 1";"FS";28,03650159
"845";"Day 1";"FS";36,16353786
"846";"Day 1";"FS";36,11183939
"847";"Day 1";"FS";27,45334484
"848";"Day 1";"FS";23,9847912
"849";"Day 1";"FS";39,71834426
"850";"Day 1";"FS";41,88599302
"851";"Day 1";"FS";17,94812637
"852";"Day 1";"FS";22,23069338
"853";"Day 1";"FS";14,05026898
"854";"Day 1";"FS";13,25276077
"855";"Day 1";"FS";20,92533237
"856";"Day 1";"FS";27,20223559
"857";"Day 1";"FS";42,38673318
"858";"Day 1";"FS";16,76041031
"859";"Day 1";"FS";21,7218802
"860";"Day 1";"FS";27,85607913
"861";"Day 1";"FS";27,56703384
"862";"Day 1";"FS";34,07768508
"863";"Day 1";"FS";15,24993626
"864";"Day 1";"FS";29,15284978
"865";"Day 1";"FS";26,99903243
"866";"Day 1";"FS";22,66920427
"867";"Day 1";"FS";18,68978287
"868";"Day 1";"FS";83,03858616
"869";"Day 1";"FS";19,40267761
"870";"Day 1";"FS";13,62187684
"871";"Day 1";"FS";22,44647178
"872";"Day 1";"FS";36,80882069
"873";"Day 1";"FS";8,755145796
"874";"Day 1";"FS";11,44678309
"875";"Day 1";"FS";18,87112437
"876";"Day 1";"FS";9,696290033
"877";"Day 1";"FS";58,40833013
"878";"Day 1";"FS";47,26739164
"879";"Day 1";"FS";34,86122668
"880";"Day 1";"FS";57,07298064
"881";"Day 1";"FS";28,75541408
"882";"Day 1";"FS";15,44467646
"883";"Day 1";"FS";3,773904561
"884";"Day 1";"FS";8,912462649
"885";"Day 1";"FS";1,882277576
"886";"Day 1";"FS";11,17764509
"887";"Day 2";"FI";17,10158242
"888";"Day 2";"FI";12,29648368
"889";"Day 2";"FI";20,40582665
"890";"Day 2";"FI";9,359713145
"891";"Day 2";"FI";11,07616184
"892";"Day 2";"FI";28,89436198
"893";"Day 2";"FI";18,3406122
"894";"Day 2";"FI";18,49462316
"895";"Day 2";"FI";25,18961796
"896";"Day 2";"FI";33,38162472
"897";"Day 2";"FI";14,36977673
"898";"Day 2";"FI";45,00009662
"899";"Day 2";"FI";40,23048257
"900";"Day 2";"FI";25,59248407
"901";"Day 2";"FI";25,90180933
"902";"Day 2";"FI";9,91876903
"903";"Day 2";"FI";15,90722838
"904";"Day 2";"FI";6,962145821
"905";"Day 2";"FI";19,14595197
"906";"Day 2";"FI";18,06869899
"907";"Day 2";"FI";17,46029441
"908";"Day 2";"FI";8,119456641
"909";"Day 2";"FI";17,68095084
"910";"Day 2";"FI";48,3909911
"911";"Day 2";"FI";20,34265271
"912";"Day 2";"FI";10,47348766
"913";"Day 2";"FI";41,21392301
"914";"Day 2";"FI";16,99964017
"915";"Day 2";"FI";14,09133465
"916";"Day 2";"FI";6,045427366
"917";"Day 2";"FI";26,81278831
"918";"Day 2";"FI";10,33833945
"919";"Day 2";"FI";13,68215981
"920";"Day 2";"FI";12,97309995
"921";"Day 2";"FI";6,631287985
"922";"Day 2";"FI";8,307433483
"923";"Day 2";"FI";18,21993755
"924";"Day 2";"FI";5,580941021
"925";"Day 2";"FI";36,74990193
"926";"Day 2";"FI";7,730301815
"927";"Day 2";"FI";19,66348412
"928";"Day 2";"FI";16,4355995
"929";"Day 2";"FI";20,27792881
"930";"Day 2";"FI";16,12983954
"931";"Day 2";"FI";13,00208277
"932";"Day 2";"FI";8,050531198
"933";"Day 2";"FI";18,30141903
"934";"Day 2";"FI";10,71080547
"935";"Day 2";"FI";32,81215832
"936";"Day 2";"FI";9,75621447
"937";"Day 2";"FI";14,90042775
"938";"Day 2";"FI";16,33613678
"939";"Day 2";"FI";8,714548192
"940";"Day 2";"FI";10,16882475
"941";"Day 2";"FI";30,60114177
"942";"Day 2";"FI";16,16198119
"943";"Day 2";"FI";11,92003409
"944";"Day 2";"FI";52,55340671
"945";"Day 2";"FI";11,54576403
"946";"Day 2";"FI";12,68534029
"947";"Day 2";"FI";20,60321726
"948";"Day 2";"FI";15,73754485
"949";"Day 2";"FI";16,97547341
"950";"Day 2";"FI";13,74277865
"951";"Day 2";"FI";15,92496085
"952";"Day 2";"FI";19,96513002
"953";"Day 2";"FI";14,50664807
"954";"Day 2";"FI";15,95047582
"955";"Day 2";"FI";18,58106676
"956";"Day 2";"FI";26,89022915
"957";"Day 2";"FI";17,60424912
"958";"Day 2";"FI";15,85726546
"959";"Day 2";"FI";13,34301275
"960";"Day 2";"FI";24,81376031
"961";"Day 2";"FI";37,74312445
"962";"Day 2";"FI";9,492839873
"963";"Day 2";"FI";24,36610737
"964";"Day 2";"FI";14,59004363
"965";"Day 2";"FI";43,9628238
"966";"Day 2";"FI";60,66024088
"967";"Day 2";"FI";14,78437572
"968";"Day 2";"FI";26,93342066
"969";"Day 2";"FI";17,02131272
"970";"Day 2";"FI";9,544270883
"971";"Day 2";"FI";12,6401443
"972";"Day 2";"FI";18,45470977
"973";"Day 2";"FI";21,64238588
"974";"Day 2";"FI";11,86399597
"975";"Day 2";"FI";11,47125507
"976";"Day 2";"FI";27,07161388
"977";"Day 2";"FI";8,751884231
"978";"Day 2";"FI";17,57325419
"979";"Day 2";"FI";11,58547569
"980";"Day 2";"FI";18,40703727
"981";"Day 2";"FI";12,26622451
"982";"Day 2";"FI";14,85623668
"983";"Day 2";"FI";8,499957426
"984";"Day 2";"FI";15,39994096
"985";"Day 2";"FI";8,755823891
"986";"Day 2";"FI";22,26865429
"987";"Day 2";"FI";20,32192664
"988";"Day 2";"FI";26,84025132
"989";"Day 2";"FI";57,32516765
"990";"Day 2";"FI";12,8057397
"991";"Day 2";"FI";18,11094794
"992";"Day 2";"FI";8,489840699
"993";"Day 2";"FI";19,85257086
"994";"Day 2";"FI";16,78529889
"995";"Day 2";"FI";22,81794858
"996";"Day 2";"FI";42,77188939
"997";"Day 2";"FI";24,07465391
"998";"Day 2";"FI";27,6217512
"999";"Day 2";"FI";26,67111988
"1000";"Day 2";"FI";21,82997437
"1001";"Day 2";"FI";21,06664551
"1002";"Day 2";"FI";11,07692822
"1003";"Day 2";"FI";20,89115209
"1004";"Day 2";"FI";23,00409546
"1005";"Day 2";"FI";8,289687152
"1006";"Day 2";"FI";14,58726394
"1007";"Day 2";"FI";11,49784865
"1008";"Day 2";"FI";97,34423216
"1009";"Day 2";"FI";21,34205419
"1010";"Day 2";"FI";7,375978
"1011";"Day 2";"FI";17,12596975
"1012";"Day 2";"FI";26,07342126
"1013";"Day 2";"FI";15,9974764
"1014";"Day 2";"FI";8,540354568
"1015";"Day 2";"FI";13,64717882
"1016";"Day 2";"FI";14,99132934
"1017";"Day 2";"FI";12,42887436
"1018";"Day 2";"FI";25,13127719
"1019";"Day 2";"FI";7,384832514
"1020";"Day 2";"FI";15,62647802
"1021";"Day 2";"FI";11,64944807
"1022";"Day 2";"FI";7,882522583
"1023";"Day 2";"FI";27,38186826
"1024";"Day 2";"FI";12,08218611
"1025";"Day 2";"FI";26,97926343
"1026";"Day 2";"FI";10,37037854
"1027";"Day 2";"FI";9,499884474
"1028";"Day 2";"FI";29,30908165
"1029";"Day 2";"FI";12,55142143
"1030";"Day 2";"FI";7,70313975
"1031";"Day 2";"FI";26,40600751
"1032";"Day 2";"FI";22,86967452
"1033";"Day 2";"FI";7,51111861
"1034";"Day 2";"FI";21,25499562
"1035";"Day 2";"FI";22,72029391
"1036";"Day 2";"FI";15,19615056
"1037";"Day 2";"FI";14,87158825
"1038";"Day 2";"FI";6,041642474
"1039";"Day 2";"FI";12,63357285
"1040";"Day 2";"FI";18,94193892
"1041";"Day 2";"FI";9,862154909
"1042";"Day 2";"FI";6,501676497
"1043";"Day 2";"FI";17,67533806
"1044";"Day 2";"FI";5,157878744
"1045";"Day 2";"FI";16,63498395
"1046";"Day 2";"FI";27,34138164
"1047";"Day 2";"FI";53,23395349
"1048";"Day 2";"FI";32,77319987
"1049";"Day 2";"FI";33,48937163
"1050";"Day 2";"FI";20,69248164
"1051";"Day 2";"FI";67,8106129
"1052";"Day 2";"FI";22,81415721
"1053";"Day 2";"FI";20,93818924
"1054";"Day 2";"FI";64,20747425
"1055";"Day 2";"FI";25,78157254
"1056";"Day 2";"FI";9,701036696
"1057";"Day 2";"FI";34,87585018
"1058";"Day 2";"FI";15,04974472
"1059";"Day 2";"FI";68,00148946
"1060";"Day 2";"FI";43,56649169
"1061";"Day 2";"FI";34,11850226
"1062";"Day 2";"FI";72,42163029
"1063";"Day 2";"FI";31,44210944
"1064";"Day 2";"FI";52,91446521
"1065";"Day 2";"FI";21,00946814
"1066";"Day 2";"FI";35,741616
"1067";"Day 2";"FI";36,5987134
"1068";"Day 2";"FI";27,48538929
"1069";"Day 2";"FI";11,05144785
"1070";"Day 2";"FI";11,95782451
"1071";"Day 2";"FI";68,7870553
"1072";"Day 2";"FI";21,80577602
"1073";"Day 2";"FI";26,76484783
"1074";"Day 2";"FI";10,2944773
"1075";"Day 2";"FI";13,57577371
"1076";"Day 2";"FI";19,48717028
"1077";"Day 2";"FI";28,27647571
"1078";"Day 2";"FI";24,99387551
"1079";"Day 2";"FI";19,11296867
"1080";"Day 2";"FI";41,88409963
"1081";"Day 2";"FI";28,01044527
"1082";"Day 2";"FI";41,23681617
"1083";"Day 2";"FI";37,63832615
"1084";"Day 2";"FI";28,64412328
"1085";"Day 2";"FI";66,31123917
"1086";"Day 2";"FI";71,40968681
"1087";"Day 2";"FI";9,120027169
"1088";"Day 2";"FI";22,45105652
"1089";"Day 2";"FI";15,81650657
"1090";"Day 2";"FI";28,53542857
"1091";"Day 2";"FI";31,12637385
"1092";"Day 2";"FI";43,7554839
"1093";"Day 2";"FI";21,06685969
"1094";"Day 2";"FI";31,98679862
"1095";"Day 2";"FI";17,01801369
"1096";"Day 2";"FI";50,28500062
"1097";"Day 2";"FI";36,49370591
"1098";"Day 2";"FI";21,667196
"1099";"Day 2";"FI";20,01495967
"1100";"Day 2";"FI";31,4543362
"1101";"Day 2";"FI";41,45176497
"1102";"Day 2";"FI";16,17986159
"1103";"Day 2";"FI";14,02794497
"1104";"Day 2";"FI";28,23084668
"1105";"Day 2";"FI";17,35647379
"1106";"Day 2";"FI";30,19768272
"1107";"Day 2";"FI";37,31751679
"1108";"Day 2";"FI";40,73626578
"1109";"Day 2";"FI";17,84051008
"1110";"Day 2";"FI";10,41323669
"1111";"Day 2";"FI";34,49947764
"1112";"Day 2";"FI";25,99145371
"1113";"Day 2";"FI";12,6495231
"1114";"Day 2";"FI";44,73496382
"1115";"Day 2";"FI";36,04323563
"1116";"Day 2";"FI";44,23683908
"1117";"Day 2";"FI";9,092783899
"1118";"Day 2";"FI";28,16120141
"1119";"Day 2";"FI";26,56386582
"1120";"Day 2";"FI";17,09370096
"1121";"Day 2";"FI";21,1623844
"1122";"Day 2";"FI";22,75334847
"1123";"Day 2";"FI";12,63226587
"1124";"Day 2";"FI";21,4455607
"1125";"Day 2";"FI";42,5022271
"1126";"Day 2";"FI";25,18882311
"1127";"Day 2";"FI";29,76464521
"1128";"Day 2";"FI";30,49805504
"1129";"Day 2";"FI";29,42340203
"1130";"Day 2";"FI";51,2388678
"1131";"Day 2";"FI";15,38877479
"1132";"Day 2";"FI";30,19867778
"1133";"Day 2";"FI";13,56505468
"1134";"Day 2";"FI";52,02631286
"1135";"Day 2";"FI";14,16016475
"1136";"Day 2";"FI";32,95548409
"1137";"Day 2";"FI";70,37068854
"1138";"Day 2";"FI";12,01228591
"1139";"Day 2";"FI";27,12722222
"1140";"Day 2";"FI";22,08731837
"1141";"Day 2";"FI";19,60967847
"1142";"Day 2";"FI";42,06902988
"1143";"Day 2";"FI";19,21980244
"1144";"Day 2";"FI";96,44573513
"1145";"Day 2";"FI";34,27212379
"1146";"Day 2";"FI";51,85634289
"1147";"Day 2";"FI";44,72033714
"1148";"Day 2";"FI";33,72145751
"1149";"Day 2";"FI";37,74184062
"1150";"Day 2";"FI";8,378439649
"1151";"Day 2";"FI";57,91733054
"1152";"Day 2";"FI";28,1912882
"1153";"Day 2";"FI";57,41964511
"1154";"Day 2";"FI";19,89187579
"1155";"Day 2";"FI";16,22990294
"1156";"Day 2";"FI";25,82992214
"1157";"Day 2";"FI";33,08861702
"1158";"Day 2";"FI";11,69115063
"1159";"Day 2";"FI";20,48243729
"1160";"Day 2";"FI";48,83832294
"1161";"Day 2";"FI";27,95924684
"1162";"Day 2";"FI";38,19496875
"1163";"Day 2";"FI";89,16296819
"1164";"Day 2";"FI";18,66115528
"1165";"Day 2";"FI";35,22165261
"1166";"Day 2";"FI";47,76178061
"1167";"Day 2";"FI";42,58406148
"1168";"Day 2";"FI";53,6070689
"1169";"Day 2";"FI";20,59464925
"1170";"Day 2";"FI";23,35447188
"1171";"Day 2";"FI";11,6008198
"1172";"Day 2";"FI";26,16815586
"1173";"Day 2";"FI";38,65656827
"1174";"Day 2";"FI";49,64714761
"1175";"Day 2";"FI";24,60374139
"1176";"Day 2";"FI";38,26018877
"1177";"Day 2";"FI";12,55864938
"1178";"Day 2";"FI";40,04522355
"1179";"Day 2";"FI";81,36105087
"1180";"Day 2";"FI";42,17842469
"1181";"Day 2";"FI";10,93014522
"1182";"Day 2";"FI";45,19009092
"1183";"Day 2";"FI";31,08976992
"1184";"Day 2";"FI";27,67373083
"1185";"Day 2";"FI";6,225012064
"1186";"Day 2";"FI";17,94105484
"1187";"Day 2";"FI";71,22592254
"1188";"Day 2";"FI";26,58491942
"1189";"Day 2";"FI";16,61166823
"1190";"Day 2";"FI";31,74923878
"1191";"Day 2";"FI";NA
"1192";"Day 2";"FI";23,5098526
"1193";"Day 2";"FI";20,82468816
"1194";"Day 2";"FI";16,01920348
"1195";"Day 2";"FI";13,33629415
"1196";"Day 2";"FI";39,92893835
"1197";"Day 2";"FI";97,54264803
"1198";"Day 2";"FI";48,19953181
"1199";"Day 2";"FI";12,74186422
"1200";"Day 2";"FI";44,48821139
"1201";"Day 2";"FI";81,1043555
"1202";"Day 2";"FI";7,467943239
"1203";"Day 2";"FI";27,08289533
"1204";"Day 2";"FI";30,01449439
"1205";"Day 2";"FI";44,59170886
"1206";"Day 2";"FI";48,33039115
"1207";"Day 2";"FI";35,47551375
"1208";"Day 2";"FI";32,50215319
"1209";"Day 2";"FI";42,34123788
"1210";"Day 2";"FI";36,16872269
"1211";"Day 2";"FI";19,92750429
"1212";"Day 2";"FI";14,62066173
"1213";"Day 2";"FI";17,43321766
"1214";"Day 2";"FI";16,92520353
"1215";"Day 2";"FI";31,38959571
"1216";"Day 2";"FI";49,02588219
"1217";"Day 2";"FI";79,15098021
"1218";"Day 2";"FI";11,98652424
"1219";"Day 2";"FI";41,63211297
"1220";"Day 2";"FI";22,49949305
"1221";"Day 2";"FI";28,72142236
"1222";"Day 2";"FI";46,37371963
"1223";"Day 2";"FI";28,77710754
"1224";"Day 2";"FI";56,87996583
"1225";"Day 2";"FI";33,61670368
"1226";"Day 2";"FI";31,63107718
"1227";"Day 2";"FI";19,98911451
"1228";"Day 2";"FI";73,1145561
"1229";"Day 2";"FI";24,97823764
"1230";"Day 2";"FI";28,32143465
"1231";"Day 2";"FI";23,79107061
"1232";"Day 2";"FI";71,85480305
"1233";"Day 2";"FI";25,22429925
"1234";"Day 2";"FI";47,64442195
"1235";"Day 2";"FI";13,56610597
"1236";"Day 2";"FI";14,53787686
"1237";"Day 2";"FI";13,70805788
"1238";"Day 2";"FI";115,1648592
"1239";"Day 2";"FI";32,88949891
"1240";"Day 2";"FI";68,12778133
"1241";"Day 2";"FI";21,9181777
"1242";"Day 2";"FI";116,8724104
"1243";"Day 2";"FI";19,53611099
"1244";"Day 2";"FI";29,30556972
"1245";"Day 2";"FI";8,505019329
"1246";"Day 2";"FI";52,18090169
"1247";"Day 2";"FI";37,29556935
"1248";"Day 2";"FI";52,61716652
"1249";"Day 2";"FI";42,7800291
"1250";"Day 2";"FI";16,74414638
"1251";"Day 2";"FI";38,43407648
"1252";"Day 2";"FI";48,23227814
"1253";"Day 2";"FI";23,8608809
"1254";"Day 2";"FI";18,38064484
"1255";"Day 2";"FI";23,1428646
"1256";"Day 2";"FI";59,24424502
"1257";"Day 2";"FI";21,69484067
"1258";"Day 2";"FI";26,77754332
"1259";"Day 2";"FI";19,623102
"1260";"Day 2";"FI";25,72405162
"1261";"Day 2";"FI";17,47299741
"1262";"Day 2";"FI";18,74501263
"1263";"Day 2";"FI";28,52244343
"1264";"Day 2";"FI";63,11966108
"1265";"Day 2";"FI";12,34685346
"1266";"Day 2";"FI";14,52753739
"1267";"Day 2";"FI";6,410423024
"1268";"Day 2";"FI";17,35277304
"1269";"Day 2";"FI";20,86401268
"1270";"Day 2";"FI";27,48193294
"1271";"Day 2";"FI";30,34237903
"1272";"Day 2";"FI";30,47847361
"1273";"Day 2";"FI";63,665623
"1274";"Day 2";"FI";31,10201106
"1275";"Day 2";"FI";22,65549075
"1276";"Day 2";"FI";50,48871945
"1277";"Day 2";"FI";16,22303073
"1278";"Day 2";"FI";41,44039659
"1279";"Day 2";"FI";36,24170692
"1280";"Day 2";"FI";26,73892108
"1281";"Day 2";"FI";15,85228423
"1282";"Day 2";"FI";13,50068907
"1283";"Day 2";"FI";30,37847921
"1284";"Day 2";"FI";71,25188762
"1285";"Day 2";"FI";42,30510086
"1286";"Day 2";"FI";34,29596021
"1287";"Day 2";"FI";13,42687092
"1288";"Day 2";"FI";7,001766763
"1289";"Day 2";"FI";16,15235292
"1290";"Day 2";"FI";10,70908652
"1291";"Day 2";"FI";18,4269956
"1292";"Day 2";"FI";53,22102973
"1293";"Day 2";"FI";29,25666859
"1294";"Day 2";"FI";29,56854606
"1295";"Day 2";"FI";50,91029944
"1296";"Day 2";"FI";37,70778941
"1297";"Day 2";"FI";18,93053317
"1298";"Day 2";"FI";16,72580991
"1299";"Day 2";"FI";36,73102355
"1300";"Day 2";"FI";54,06130683
"1301";"Day 2";"FI";29,83588156
"1302";"Day 2";"FI";12,40659375
"1303";"Day 2";"FI";39,16843321
"1304";"Day 2";"FI";30,19565923
"1305";"Day 2";"FI";76,84974571
"1306";"Day 2";"FI";30,30364557
"1307";"Day 2";"FI";23,00131979
"1308";"Day 2";"FI";27,17498253
"1309";"Day 2";"FI";24,22364815
"1310";"Day 2";"FI";21,45107931
"1311";"Day 2";"FI";28,01519697
"1312";"Day 2";"FI";10,81760567
"1313";"Day 2";"FI";30,80498544
"1314";"Day 2";"FI";6,675151771
"1315";"Day 2";"FI";33,75548173
"1316";"Day 2";"FI";34,86570639
"1317";"Day 2";"FI";65,9222669
"1318";"Day 2";"FI";42,05493329
"1319";"Day 2";"FI";41,44423051
"1320";"Day 2";"FI";41,18556161
"1321";"Day 2";"FI";41,70628186
"1322";"Day 2";"FI";27,00048579
"1323";"Day 2";"FI";11,41865088
"1324";"Day 2";"FI";26,26817973
"1325";"Day 2";"FI";19,72007817
"1326";"Day 2";"FI";15,87969756
"1327";"Day 2";"FI";16,12616668
"1328";"Day 2";"FI";39,9873994
"1329";"Day 2";"FI";51,30093541
"1330";"Day 2";"FI";27,09821122
"1331";"Day 2";"FI";15,61289271
"1332";"Day 2";"FI";48,2470444
"1333";"Day 2";"FI";32,56082874
"1334";"Day 2";"FI";33,03216371
"1335";"Day 2";"FI";100,7114844
"1336";"Day 2";"FI";15,53616722
"1337";"Day 2";"FI";14,39939314
"1338";"Day 2";"FI";49,35507848
"1339";"Day 2";"FI";22,45194743
"1340";"Day 2";"FI";13,79755974
"1341";"Day 2";"FI";19,9714432
"1342";"Day 2";"FI";30,86929945
"1343";"Day 2";"FI";31,54697262
"1344";"Day 2";"FI";18,73203598
"1345";"Day 2";"FI";13,88957239
"1346";"Day 2";"FI";26,82441909
"1347";"Day 2";"FI";27,942649
"1348";"Day 2";"FI";61,13844572
"1349";"Day 2";"FI";16,21801498
"1350";"Day 2";"FI";15,35726696
"1351";"Day 2";"FI";32,04211183
"1352";"Day 2";"FI";30,44980253
"1353";"Day 2";"FI";29,96813365
"1354";"Day 2";"FI";22,56460343
"1355";"Day 2";"FI";78,22385885
"1356";"Day 2";"FI";15,86669744
"1357";"Day 2";"FI";28,16577888
"1358";"Day 2";"FI";17,30808288
"1359";"Day 2";"FI";4,337215089
"1360";"Day 2";"FI";24,78084985
"1361";"Day 2";"FI";19,60411728
"1362";"Day 2";"FI";7,532877943
"1363";"Day 2";"FI";19,7117838
"1364";"Day 2";"FI";15,13300381
"1365";"Day 2";"FI";36,77792922
"1366";"Day 2";"FI";14,80559782
"1367";"Day 2";"FI";20,84989907
"1368";"Day 2";"FI";20,05314253
"1369";"Day 2";"FI";13,92340837
"1370";"Day 2";"FI";8,514823716
"1371";"Day 2";"FI";35,09731881
"1372";"Day 2";"FI";22,25017502
"1373";"Day 2";"FI";23,31752502
"1374";"Day 2";"FI";24,51932555
"1375";"Day 2";"FI";7,710567422
"1376";"Day 2";"FI";18,20010171
"1377";"Day 2";"FI";46,49080839
"1378";"Day 2";"FI";31,84560307
"1379";"Day 2";"FI";21,0724639
"1380";"Day 2";"FI";24,25766836
"1381";"Day 2";"FI";21,69407715
"1382";"Day 2";"FI";8,990642233
"1383";"Day 2";"FI";20,42272556
"1384";"Day 2";"FI";34,08759374
"1385";"Day 2";"FI";57,17991096
"1386";"Day 2";"FI";14,29630916
"1387";"Day 2";"FI";12,1078043
"1388";"Day 2";"FI";39,54051898
"1389";"Day 2";"FI";10,9279078
"1390";"Day 2";"FI";39,14763226
"1391";"Day 2";"FI";16,19892105
"1392";"Day 2";"FI";60,54298056
"1393";"Day 2";"FI";24,95580432
"1394";"Day 2";"FI";8,954635106
"1395";"Day 2";"FI";27,62610205
"1396";"Day 2";"FI";34,28695831
"1397";"Day 2";"FI";70,62330925
"1398";"Day 2";"FI";12,76967575
"1399";"Day 2";"FI";34,33778513
"1400";"Day 2";"FI";58,92854143
"1401";"Day 2";"FI";80,53116552
"1402";"Day 2";"FI";21,87469791
"1403";"Day 2";"FI";7,400842242
"1404";"Day 2";"FI";22,14510432
"1405";"Day 2";"FI";11,64204076
"1406";"Day 2";"FI";18,2769898
"1407";"Day 2";"FI";2,128206853
"1408";"Day 2";"FI";20,21716781
"1409";"Day 2";"FI";37,30642827
"1410";"Day 2";"FI";16,80871345
"1411";"Day 2";"FI";34,94234106
"1412";"Day 2";"FI";15,50178926
"1413";"Day 2";"FI";17,72286897
"1414";"Day 2";"FI";15,56319245
"1415";"Day 2";"FI";45,86985945
"1416";"Day 2";"FI";10,33511956
"1417";"Day 2";"FI";16,03549965
"1418";"Day 2";"FI";8,622815694
"1419";"Day 2";"FI";10,29234031
"1420";"Day 2";"FI";30,37099121
"1421";"Day 2";"FI";27,90063488
"1422";"Day 2";"FI";22,35269516
"1423";"Day 2";"FI";6,557551198
"1424";"Day 2";"FI";36,62053997
"1425";"Day 2";"FI";20,68575626
"1426";"Day 2";"FI";7,59056179
"1427";"Day 2";"FI";20,2694129
"1428";"Day 2";"FI";12,02230483
"1429";"Day 2";"FI";12,89807537
"1430";"Day 2";"FI";13,2502933
"1431";"Day 2";"FI";82,69599945
"1432";"Day 2";"FI";18,52473533
"1433";"Day 2";"FI";24,60121803
"1434";"Day 2";"FI";18,88678263
"1435";"Day 2";"FI";11,29756003
"1436";"Day 2";"FI";28,71692602
"1437";"Day 2";"FI";27,39556441
"1438";"Day 2";"FI";16,96573576
"1439";"Day 2";"FI";24,5342655
"1440";"Day 2";"FI";27,64555925
"1441";"Day 2";"FI";9,627789182
"1442";"Day 2";"FI";18,97980402
"1443";"Day 2";"FI";20,02686294
"1444";"Day 2";"FI";19,22867145
"1445";"Day 2";"FI";16,93195054
"1446";"Day 2";"FI";36,10602157
"1447";"Day 2";"FI";21,93936112
"1448";"Day 2";"FI";15,75201186
"1449";"Day 2";"FI";15,95175686
"1450";"Day 2";"FI";6,086368264
"1451";"Day 2";"FI";15,61859291
"1452";"Day 2";"FI";19,48234099
"1453";"Day 2";"FI";17,92566681
"1454";"Day 2";"FI";14,69665093
"1455";"Day 2";"FI";6,780776118
"1456";"Day 2";"FI";39,13687231
"1457";"Day 2";"FI";12,77226283
"1458";"Day 2";"FI";3,838291932
"1459";"Day 2";"FI";12,66395411
"1460";"Day 2";"FI";8,031451757
"1461";"Day 2";"FI";8,59971712
"1462";"Day 2";"FI";15,17209243
"1463";"Day 2";"FI";4,067177529
"1464";"Day 2";"FI";4,740101135
"1465";"Day 2";"FI";9,100190015
"1466";"Day 2";"FI";5,678758528
"1467";"Day 2";"FI";7,442933601
"1468";"Day 2";"FI";9,009593451
"1469";"Day 2";"FI";7,541769898
"1470";"Day 2";"FI";3,862494779
"1471";"Day 2";"FI";20,54201691
"1472";"Day 2";"FI";22,46049925
"1473";"Day 2";"FI";30,75272288
"1474";"Day 2";"FI";6,478758098
"1475";"Day 2";"FI";39,08848457
"1476";"Day 2";"FI";8,191783358
"1477";"Day 2";"FI";6,108781281
"1478";"Day 2";"FI";4,769345419
"1479";"Day 2";"FI";5,824842698
"1480";"Day 2";"FI";2,922676534
"1481";"Day 2";"FI";6,90109607
"1482";"Day 2";"FI";3,959677609
"1483";"Day 2";"FI";1,462569202
"1484";"Day 2";"FI";1,908786554
"1485";"Day 2";"FI";2,121355991
"1486";"Day 2";"FI";4,811619119
"1487";"Day 2";"FI";2,592819506
"1488";"Day 2";"FI";6,207357251
"1489";"Day 2";"FI";5,917194166
"1490";"Day 2";"FI";9,86150158
"1491";"Day 2";"FI";8,212877949
"1492";"Day 2";"FI";2,155936811
"1493";"Day 2";"FI";7,36329446
"1494";"Day 2";"FI";10,34411754
"1495";"Day 2";"FI";3,397171369
"1496";"Day 2";"FI";4,779859969
"1497";"Day 2";"FI";5,568485314
"1498";"Day 2";"FI";8,309112997
"1499";"Day 2";"FI";2,545614299
"1500";"Day 2";"FI";9,182740625
"1501";"Day 2";"FI";26,14207997
"1502";"Day 2";"FI";9,360441005
"1503";"Day 2";"FI";3,31027475
"1504";"Day 2";"FI";8,737666778
"1505";"Day 2";"FI";9,593475586
"1506";"Day 2";"FI";4,398310506
"1507";"Day 2";"FS";16,6746866
"1508";"Day 2";"FS";23,48911311
"1509";"Day 2";"FS";24,85711932
"1510";"Day 2";"FS";11,47653724
"1511";"Day 2";"FS";11,54140664
"1512";"Day 2";"FS";10,20424715
"1513";"Day 2";"FS";14,76053697
"1514";"Day 2";"FS";31,71303994
"1515";"Day 2";"FS";21,71554522
"1516";"Day 2";"FS";20,61998985
"1517";"Day 2";"FS";43,28618292
"1518";"Day 2";"FS";29,17284793
"1519";"Day 2";"FS";23,13117107
"1520";"Day 2";"FS";19,99122216
"1521";"Day 2";"FS";47,26093131
"1522";"Day 2";"FS";20,71330454
"1523";"Day 2";"FS";10,30002659
"1524";"Day 2";"FS";28,10572627
"1525";"Day 2";"FS";18,75026115
"1526";"Day 2";"FS";42,20196545
"1527";"Day 2";"FS";43,43032473
"1528";"Day 2";"FS";15,37891041
"1529";"Day 2";"FS";31,41073569
"1530";"Day 2";"FS";12,97902068
"1531";"Day 2";"FS";35,16425776
"1532";"Day 2";"FS";0,179027197
"1533";"Day 2";"FS";24,64643397
"1534";"Day 2";"FS";57,41202427
"1535";"Day 2";"FS";15,77620166
"1536";"Day 2";"FS";30,56132298
"1537";"Day 2";"FS";43,28992822
"1538";"Day 2";"FS";20,67738625
"1539";"Day 2";"FS";35,9485396
"1540";"Day 2";"FS";30,52143712
"1541";"Day 2";"FS";23,96542528
"1542";"Day 2";"FS";19,36360739
"1543";"Day 2";"FS";42,79389351
"1544";"Day 2";"FS";0,013881986
"1545";"Day 2";"FS";5,5468257
"1546";"Day 2";"FS";24,74374131
"1547";"Day 2";"FS";27,04760154
"1548";"Day 2";"FS";8,23283782
"1549";"Day 2";"FS";19,40790871
"1550";"Day 2";"FS";14,38249274
"1551";"Day 2";"FS";10,01566754
"1552";"Day 2";"FS";24,64513281
"1553";"Day 2";"FS";21,90899538
"1554";"Day 2";"FS";30,87046475
"1555";"Day 2";"FS";21,93825752
"1556";"Day 2";"FS";12,29607748
"1557";"Day 2";"FS";13,92297646
"1558";"Day 2";"FS";17,74554545
"1559";"Day 2";"FS";27,29709572
"1560";"Day 2";"FS";39,59683826
"1561";"Day 2";"FS";46,07168485
"1562";"Day 2";"FS";26,30982991
"1563";"Day 2";"FS";20,17783855
"1564";"Day 2";"FS";18,73872827
"1565";"Day 2";"FS";41,26909142
"1566";"Day 2";"FS";12,13059507
"1567";"Day 2";"FS";8,719191475
"1568";"Day 2";"FS";9,548288662
"1569";"Day 2";"FS";6,287531408
"1570";"Day 2";"FS";8,809934034
"1571";"Day 2";"FS";7,114349257
"1572";"Day 2";"FS";3,541198268
"1573";"Day 2";"FS";7,388259
"1574";"Day 2";"FS";4,896112597
"1575";"Day 3";"FI";16,39449666
"1576";"Day 3";"FI";15,37243383
"1577";"Day 3";"FI";9,974777579
"1578";"Day 3";"FI";9,761338177
"1579";"Day 3";"FI";13,68337703
"1580";"Day 3";"FI";15,6995377
"1581";"Day 3";"FI";7,555987239
"1582";"Day 3";"FI";11,39431015
"1583";"Day 3";"FI";9,336196384
"1584";"Day 3";"FI";7,859191664
"1585";"Day 3";"FI";10,18024984
"1586";"Day 3";"FI";10,4959533
"1587";"Day 3";"FI";27,70586464
"1588";"Day 3";"FI";8,736288868
"1589";"Day 3";"FI";14,71832636
"1590";"Day 3";"FI";15,57806365
"1591";"Day 3";"FI";11,55282112
"1592";"Day 3";"FI";12,05104261
"1593";"Day 3";"FI";8,412954095
"1594";"Day 3";"FI";21,65930068
"1595";"Day 3";"FI";24,47580427
"1596";"Day 3";"FI";12,05411916
"1597";"Day 3";"FI";10,61400916
"1598";"Day 3";"FI";14,7020225
"1599";"Day 3";"FI";60,69955875
"1600";"Day 3";"FI";27,59617719
"1601";"Day 3";"FI";25,6214121
"1602";"Day 3";"FI";12,97350345
"1603";"Day 3";"FI";15,97736938
"1604";"Day 3";"FI";16,90821227
"1605";"Day 3";"FI";6,381381835
"1606";"Day 3";"FI";8,035594573
"1607";"Day 3";"FI";25,48353249
"1608";"Day 3";"FI";14,20288067
"1609";"Day 3";"FI";6,885564892
"1610";"Day 3";"FI";2,218716658
"1611";"Day 3";"FI";9,203959121
"1612";"Day 3";"FI";20,93667951
"1613";"Day 3";"FI";10,1699711
"1614";"Day 3";"FI";13,95799958
"1615";"Day 3";"FI";21,50274465
"1616";"Day 3";"FI";11,1300878
"1617";"Day 3";"FI";15,40918925
"1618";"Day 3";"FI";7,657310588
"1619";"Day 3";"FI";33,6858453
"1620";"Day 3";"FI";23,28051988
"1621";"Day 3";"FI";6,908363866
"1622";"Day 3";"FI";22,33001045
"1623";"Day 3";"FI";28,0002502
"1624";"Day 3";"FI";8,394628616
"1625";"Day 3";"FI";12,60600699
"1626";"Day 3";"FI";8,933741217
"1627";"Day 3";"FI";36,22190932
"1628";"Day 3";"FI";23,75651775
"1629";"Day 3";"FI";24,48511773
"1630";"Day 3";"FI";8,239177234
"1631";"Day 3";"FI";9,324505416
"1632";"Day 3";"FI";28,61261437
"1633";"Day 3";"FI";13,40728196
"1634";"Day 3";"FI";2,146669116
"1635";"Day 3";"FI";40,73978503
"1636";"Day 3";"FI";23,15538945
"1637";"Day 3";"FI";15,95123589
"1638";"Day 3";"FI";52,2644065
"1639";"Day 3";"FI";24,91354075
"1640";"Day 3";"FI";17,69815104
"1641";"Day 3";"FI";33,74713061
"1642";"Day 3";"FI";20,82484467
"1643";"Day 3";"FI";21,13402504
"1644";"Day 3";"FI";6,645105565
"1645";"Day 3";"FI";5,901494261
"1646";"Day 3";"FI";15,99567305
"1647";"Day 3";"FI";17,10346854
"1648";"Day 3";"FI";9,035607619
"1649";"Day 3";"FI";8,858835001
"1650";"Day 3";"FI";16,17960671
"1651";"Day 3";"FI";12,76179161
"1652";"Day 3";"FI";36,57015991
"1653";"Day 3";"FI";13,08292902
"1654";"Day 3";"FI";9,900564534
"1655";"Day 3";"FI";16,98427953
"1656";"Day 3";"FI";12,45138176
"1657";"Day 3";"FI";14,47357744
"1658";"Day 3";"FI";19,90745903
"1659";"Day 3";"FI";9,706060511
"1660";"Day 3";"FI";10,73717728
"1661";"Day 3";"FI";19,96055637
"1662";"Day 3";"FI";35,06420746
"1663";"Day 3";"FI";33,30693769
"1664";"Day 3";"FI";15,59624603
"1665";"Day 3";"FI";13,88764889
"1666";"Day 3";"FI";7,212340989
"1667";"Day 3";"FI";19,99364358
"1668";"Day 3";"FI";42,76298012
"1669";"Day 3";"FI";17,01572289
"1670";"Day 3";"FI";17,00641355
"1671";"Day 3";"FI";12,43928717
"1672";"Day 3";"FI";12,53198984
"1673";"Day 3";"FI";6,19979836
"1674";"Day 3";"FI";8,109703024
"1675";"Day 3";"FI";42,29589053
"1676";"Day 3";"FI";10,8197833
"1677";"Day 3";"FI";10,83517657
"1678";"Day 3";"FI";10,23273297
"1679";"Day 3";"FI";9,508515402
"1680";"Day 3";"FI";20,96493755
"1681";"Day 3";"FI";7,239145414
"1682";"Day 3";"FI";15,45784071
"1683";"Day 3";"FI";23,3128593
"1684";"Day 3";"FI";16,97112924
"1685";"Day 3";"FI";17,99612456
"1686";"Day 3";"FI";19,68638682
"1687";"Day 3";"FI";11,76658383
"1688";"Day 3";"FI";7,673915077
"1689";"Day 3";"FI";10,77253651
"1690";"Day 3";"FI";6,328480826
"1691";"Day 3";"FI";20,37112515
"1692";"Day 3";"FI";15,26931861
"1693";"Day 3";"FI";13,30757678
"1694";"Day 3";"FI";10,62688443
"1695";"Day 3";"FI";13,98758783
"1696";"Day 3";"FI";5,90959347
"1697";"Day 3";"FI";17,91937637
"1698";"Day 3";"FI";10,11131609
"1699";"Day 3";"FI";7,708569238
"1700";"Day 3";"FI";13,18451589
"1701";"Day 3";"FI";15,27324587
"1702";"Day 3";"FI";36,19340224
"1703";"Day 3";"FI";61,95925928
"1704";"Day 3";"FI";46,45704416
"1705";"Day 3";"FI";18,86852619
"1706";"Day 3";"FI";47,33219601
"1707";"Day 3";"FI";27,32637351
"1708";"Day 3";"FI";38,45494905
"1709";"Day 3";"FI";38,62435073
"1710";"Day 3";"FI";13,5935402
"1711";"Day 3";"FI";44,35942303
"1712";"Day 3";"FI";17,38148847
"1713";"Day 3";"FI";20,41132489
"1714";"Day 3";"FI";54,73141285
"1715";"Day 3";"FI";27,86222331
"1716";"Day 3";"FI";25,90727837
"1717";"Day 3";"FI";14,84953324
"1718";"Day 3";"FI";28,05992311
"1719";"Day 3";"FI";32,97807417
"1720";"Day 3";"FI";33,30214959
"1721";"Day 3";"FI";11,07400607
"1722";"Day 3";"FI";24,52211048
"1723";"Day 3";"FI";14,49304077
"1724";"Day 3";"FI";25,07628892
"1725";"Day 3";"FI";36,95521892
"1726";"Day 3";"FI";28,83222975
"1727";"Day 3";"FI";37,53795161
"1728";"Day 3";"FI";16,71203726
"1729";"Day 3";"FI";19,18549625
"1730";"Day 3";"FI";19,85093802
"1731";"Day 3";"FI";35,74829351
"1732";"Day 3";"FI";18,75344575
"1733";"Day 3";"FI";50,42512156
"1734";"Day 3";"FI";12,75687788
"1735";"Day 3";"FI";24,85047189
"1736";"Day 3";"FI";51,46211584
"1737";"Day 3";"FI";32,76808246
"1738";"Day 3";"FI";49,43681657
"1739";"Day 3";"FI";53,66048981
"1740";"Day 3";"FI";42,66592839
"1741";"Day 3";"FI";19,00138652
"1742";"Day 3";"FI";38,88792461
"1743";"Day 3";"FI";35,47197988
"1744";"Day 3";"FI";19,60328783
"1745";"Day 3";"FI";35,77357878
"1746";"Day 3";"FI";21,17480764
"1747";"Day 3";"FI";30,0114452
"1748";"Day 3";"FI";26,27927704
"1749";"Day 3";"FI";9,07099188
"1750";"Day 3";"FI";15,43662947
"1751";"Day 3";"FI";27,6569568
"1752";"Day 3";"FI";69,53145706
"1753";"Day 3";"FI";50,22088346
"1754";"Day 3";"FI";13,96228375
"1755";"Day 3";"FI";75,65047453
"1756";"Day 3";"FI";17,18442023
"1757";"Day 3";"FI";51,92851717
"1758";"Day 3";"FI";22,83024309
"1759";"Day 3";"FI";16,45888172
"1760";"Day 3";"FI";37,80178392
"1761";"Day 3";"FI";11,5328567
"1762";"Day 3";"FI";50,52545082
"1763";"Day 3";"FI";21,9114592
"1764";"Day 3";"FI";28,25596767
"1765";"Day 3";"FI";32,04189022
"1766";"Day 3";"FI";73,25296978
"1767";"Day 3";"FI";62,33664923
"1768";"Day 3";"FI";34,7054594
"1769";"Day 3";"FI";43,55270789
"1770";"Day 3";"FI";20,10319734
"1771";"Day 3";"FI";12,14750262
"1772";"Day 3";"FI";6,929531959
"1773";"Day 3";"FI";16,56394339
"1774";"Day 3";"FI";36,34400569
"1775";"Day 3";"FI";21,81120498
"1776";"Day 3";"FI";13,97614556
"1777";"Day 3";"FI";26,03496987
"1778";"Day 3";"FI";49,93964898
"1779";"Day 3";"FI";32,10798215
"1780";"Day 3";"FI";20,3430173
"1781";"Day 3";"FI";122,5374326
"1782";"Day 3";"FI";21,08558944
"1783";"Day 3";"FI";10,2003997
"1784";"Day 3";"FI";18,97292296
"1785";"Day 3";"FI";12,55305894
"1786";"Day 3";"FI";31,94566188
"1787";"Day 3";"FI";20,52510242
"1788";"Day 3";"FI";25,48301889
"1789";"Day 3";"FI";125,3081367
"1790";"Day 3";"FI";19,21794574
"1791";"Day 3";"FI";38,95099303
"1792";"Day 3";"FI";28,43092378
"1793";"Day 3";"FI";43,91507912
"1794";"Day 3";"FI";25,80734131
"1795";"Day 3";"FI";45,0955279
"1796";"Day 3";"FI";35,57578311
"1797";"Day 3";"FI";27,31720205
"1798";"Day 3";"FI";41,3693758
"1799";"Day 3";"FI";33,20171864
"1800";"Day 3";"FI";52,4970123
"1801";"Day 3";"FI";54,08475938
"1802";"Day 3";"FI";15,02552195
"1803";"Day 3";"FI";20,16037352
"1804";"Day 3";"FI";45,91979342
"1805";"Day 3";"FI";62,53493018
"1806";"Day 3";"FI";26,83577487
"1807";"Day 3";"FI";30,97843829
"1808";"Day 3";"FI";37,34351989
"1809";"Day 3";"FI";18,70186031
"1810";"Day 3";"FI";21,04774068
"1811";"Day 3";"FI";20,92202729
"1812";"Day 3";"FI";40,45066091
"1813";"Day 3";"FI";19,46695443
"1814";"Day 3";"FI";17,3025706
"1815";"Day 3";"FI";10,51960558
"1816";"Day 3";"FI";19,78585346
"1817";"Day 3";"FI";33,98094059
"1818";"Day 3";"FI";44,60475298
"1819";"Day 3";"FI";60,46388225
"1820";"Day 3";"FI";10,78137343
"1821";"Day 3";"FI";24,25499514
"1822";"Day 3";"FI";44,03451698
"1823";"Day 3";"FI";38,41956514
"1824";"Day 3";"FI";23,93405485
"1825";"Day 3";"FI";91,59081458
"1826";"Day 3";"FI";120,7701615
"1827";"Day 3";"FI";33,80981331
"1828";"Day 3";"FI";36,20628172
"1829";"Day 3";"FI";58,40980923
"1830";"Day 3";"FI";17,78611533
"1831";"Day 3";"FI";36,88174619
"1832";"Day 3";"FI";61,28556685
"1833";"Day 3";"FI";32,43597326
"1834";"Day 3";"FI";25,49170892
"1835";"Day 3";"FI";37,56218706
"1836";"Day 3";"FI";21,35357113
"1837";"Day 3";"FI";23,0457755
"1838";"Day 3";"FI";28,15861707
"1839";"Day 3";"FI";41,79173342
"1840";"Day 3";"FI";33,64766369
"1841";"Day 3";"FI";27,29108632
"1842";"Day 3";"FI";31,52483852
"1843";"Day 3";"FI";20,26169378
"1844";"Day 3";"FI";22,14493237
"1845";"Day 3";"FI";31,46216417
"1846";"Day 3";"FI";15,01149204
"1847";"Day 3";"FI";40,11928874
"1848";"Day 3";"FI";19,030036
"1849";"Day 3";"FI";48,20645343
"1850";"Day 3";"FI";36,9055904
"1851";"Day 3";"FI";33,80464386
"1852";"Day 3";"FI";19,82872971
"1853";"Day 3";"FI";25,33169362
"1854";"Day 3";"FI";64,43176267
"1855";"Day 3";"FI";30,63188976
"1856";"Day 3";"FI";10,46355529
"1857";"Day 3";"FI";25,98844281
"1858";"Day 3";"FI";32,14158634
"1859";"Day 3";"FI";38,4311583
"1860";"Day 3";"FI";24,07011745
"1861";"Day 3";"FI";21,42711591
"1862";"Day 3";"FI";26,50286862
"1863";"Day 3";"FI";14,81152771
"1864";"Day 3";"FI";15,30129619
"1865";"Day 3";"FI";16,65427735
"1866";"Day 3";"FI";24,94949925
"1867";"Day 3";"FI";47,71961644
"1868";"Day 3";"FI";14,4807976
"1869";"Day 3";"FI";50,11078542
"1870";"Day 3";"FI";22,3825755
"1871";"Day 3";"FI";23,08694581
"1872";"Day 3";"FI";50,87695996
"1873";"Day 3";"FI";26,740102
"1874";"Day 3";"FI";8,518628024
"1875";"Day 3";"FI";22,76273425
"1876";"Day 3";"FI";78,44545959
"1877";"Day 3";"FI";33,90562002
"1878";"Day 3";"FI";59,27791889
"1879";"Day 3";"FI";32,77027726
"1880";"Day 3";"FI";30,62471587
"1881";"Day 3";"FI";33,42446797
"1882";"Day 3";"FI";17,29220005
"1883";"Day 3";"FI";31,28933249
"1884";"Day 3";"FI";63,93581799
"1885";"Day 3";"FI";34,80854783
"1886";"Day 3";"FI";26,46285693
"1887";"Day 3";"FI";34,64274854
"1888";"Day 3";"FI";22,17463569
"1889";"Day 3";"FI";13,16220124
"1890";"Day 3";"FI";16,37200178
"1891";"Day 3";"FI";24,01075585
"1892";"Day 3";"FI";60,18784684
"1893";"Day 3";"FI";12,85070219
"1894";"Day 3";"FI";32,21164288
"1895";"Day 3";"FI";69,08725071
"1896";"Day 3";"FI";63,66358244
"1897";"Day 3";"FI";20,92948435
"1898";"Day 3";"FI";13,2070398
"1899";"Day 3";"FI";33,33282903
"1900";"Day 3";"FI";25,73100643
"1901";"Day 3";"FI";38,53014366
"1902";"Day 3";"FI";17,86422875
"1903";"Day 3";"FI";25,13378365
"1904";"Day 3";"FI";72,67011833
"1905";"Day 3";"FI";13,06774079
"1906";"Day 3";"FI";10,90655458
"1907";"Day 3";"FI";35,45318117
"1908";"Day 3";"FI";48,15938807
"1909";"Day 3";"FI";15,93769309
"1910";"Day 3";"FI";34,08016665
"1911";"Day 3";"FI";20,1187035
"1912";"Day 3";"FI";31,98361382
"1913";"Day 3";"FI";45,12366769
"1914";"Day 3";"FI";31,99118463
"1915";"Day 3";"FI";42,23548039
"1916";"Day 3";"FI";70,22465736
"1917";"Day 3";"FI";33,08331403
"1918";"Day 3";"FI";42,63593981
"1919";"Day 3";"FI";91,72851465
"1920";"Day 3";"FI";44,60961025
"1921";"Day 3";"FI";24,01728726
"1922";"Day 3";"FI";16,16625533
"1923";"Day 3";"FI";18,49067919
"1924";"Day 3";"FI";21,10723004
"1925";"Day 3";"FI";35,11227745
"1926";"Day 3";"FI";62,36684252
"1927";"Day 3";"FI";37,23764071
"1928";"Day 3";"FI";38,55498445
"1929";"Day 3";"FI";9,118060372
"1930";"Day 3";"FI";16,97753615
"1931";"Day 3";"FI";10,73124426
"1932";"Day 3";"FI";28,45019928
"1933";"Day 3";"FI";37,46415548
"1934";"Day 3";"FI";30,97107593
"1935";"Day 3";"FI";19,06365442
"1936";"Day 3";"FI";34,65751841
"1937";"Day 3";"FI";15,41126348
"1938";"Day 3";"FI";24,47993947
"1939";"Day 3";"FI";14,12403757
"1940";"Day 3";"FI";16,91825516
"1941";"Day 3";"FI";24,73454831
"1942";"Day 3";"FI";18,4928284
"1943";"Day 3";"FI";21,14334482
"1944";"Day 3";"FI";21,14097307
"1945";"Day 3";"FI";52,2824884
"1946";"Day 3";"FI";22,14380669
"1947";"Day 3";"FI";49,25346829
"1948";"Day 3";"FI";21,76280301
"1949";"Day 3";"FI";27,88115198
"1950";"Day 3";"FI";16,97722932
"1951";"Day 3";"FI";21,07228552
"1952";"Day 3";"FI";35,68168457
"1953";"Day 3";"FI";13,15415684
"1954";"Day 3";"FI";28,20946144
"1955";"Day 3";"FI";18,23251995
"1956";"Day 3";"FI";38,51513132
"1957";"Day 3";"FI";58,45868743
"1958";"Day 3";"FI";26,403868
"1959";"Day 3";"FI";20,83498273
"1960";"Day 3";"FI";41,90464043
"1961";"Day 3";"FI";18,54825386
"1962";"Day 3";"FI";28,05066071
"1963";"Day 3";"FI";74,38066361
"1964";"Day 3";"FI";28,85606691
"1965";"Day 3";"FI";33,41908789
"1966";"Day 3";"FI";44,56628256
"1967";"Day 3";"FI";32,59218378
"1968";"Day 3";"FI";31,08095286
"1969";"Day 3";"FI";45,78909247
"1970";"Day 3";"FI";28,44080119
"1971";"Day 3";"FI";8,348501727
"1972";"Day 3";"FI";25,21761321
"1973";"Day 3";"FI";13,98384952
"1974";"Day 3";"FI";46,80855454
"1975";"Day 3";"FI";36,95037462
"1976";"Day 3";"FI";73,19660358
"1977";"Day 3";"FI";29,69621199
"1978";"Day 3";"FI";43,43084098
"1979";"Day 3";"FI";29,66525388
"1980";"Day 3";"FI";22,29418676
"1981";"Day 3";"FI";26,09780066
"1982";"Day 3";"FI";9,040224122
"1983";"Day 3";"FI";20,30097554
"1984";"Day 3";"FI";14,66652499
"1985";"Day 3";"FI";25,52937174
"1986";"Day 3";"FI";24,2164942
"1987";"Day 3";"FI";16,36470685
"1988";"Day 3";"FI";25,11991642
"1989";"Day 3";"FI";15,20726883
"1990";"Day 3";"FI";28,81611275
"1991";"Day 3";"FI";14,21684502
"1992";"Day 3";"FI";14,71237891
"1993";"Day 3";"FI";37,5978655
"1994";"Day 3";"FI";29,3582091
"1995";"Day 3";"FI";16,72533087
"1996";"Day 3";"FI";38,147642
"1997";"Day 3";"FI";31,27211496
"1998";"Day 3";"FI";20,9991311
"1999";"Day 3";"FI";20,11831942
"2000";"Day 3";"FI";36,4786365
"2001";"Day 3";"FI";33,40089419
"2002";"Day 3";"FI";24,72544549
"2003";"Day 3";"FI";30,44942597
"2004";"Day 3";"FI";30,84492601
"2005";"Day 3";"FI";22,80092559
"2006";"Day 3";"FI";14,60401081
"2007";"Day 3";"FI";29,27465581
"2008";"Day 3";"FI";40,60516747
"2009";"Day 3";"FI";38,30564315
"2010";"Day 3";"FI";19,90068924
"2011";"Day 3";"FI";31,07833232
"2012";"Day 3";"FI";36,01076546
"2013";"Day 3";"FI";22,63158028
"2014";"Day 3";"FI";19,02233336
"2015";"Day 3";"FI";48,90178038
"2016";"Day 3";"FI";28,14608553
"2017";"Day 3";"FI";30,4387541
"2018";"Day 3";"FI";17,2043497
"2019";"Day 3";"FI";13,59935468
"2020";"Day 3";"FI";16,90982279
"2021";"Day 3";"FI";10,31628738
"2022";"Day 3";"FI";27,3826386
"2023";"Day 3";"FI";6,293821374
"2024";"Day 3";"FI";13,65777421
"2025";"Day 3";"FI";7,182146448
"2026";"Day 3";"FI";9,740910825
"2027";"Day 3";"FI";8,004362026
"2028";"Day 3";"FI";4,972360448
"2029";"Day 3";"FI";3,496545485
"2030";"Day 3";"FI";17,28627334
"2031";"Day 3";"FI";4,67273104
"2032";"Day 3";"FI";6,022459252
"2033";"Day 3";"FI";9,62509391
"2034";"Day 3";"FI";4,943204712
"2035";"Day 3";"FI";6,219442175
"2036";"Day 3";"FI";4,888803809
"2037";"Day 3";"FI";5,033485956
"2038";"Day 3";"FI";6,925745634
"2039";"Day 3";"FI";4,431915385
"2040";"Day 3";"FI";62,81034232
"2041";"Day 3";"FI";64,94853936
"2042";"Day 3";"FI";15,00746337
"2043";"Day 3";"FS";48,23681008
"2044";"Day 3";"FS";10,99637528
"2045";"Day 3";"FS";14,19553016
"2046";"Day 3";"FS";21,00108096
"2047";"Day 3";"FS";29,06883176
"2048";"Day 3";"FS";24,68899388
"2049";"Day 3";"FS";53,72382644
"2050";"Day 3";"FS";34,85715739
"2051";"Day 3";"FS";12,86010637
"2052";"Day 3";"FS";77,84079714
"2053";"Day 3";"FS";48,61648071
"2054";"Day 3";"FS";44,69075095
"2055";"Day 3";"FS";12,20482272
"2056";"Day 3";"FS";38,05447674
"2057";"Day 3";"FS";33,74970539
"2058";"Day 3";"FS";19,82695445
"2059";"Day 3";"FS";70,79833193
"2060";"Day 3";"FS";32,39570546
"2061";"Day 3";"FS";31,25476463
"2062";"Day 3";"FS";41,78599254
"2063";"Day 3";"FS";41,99058956
"2064";"Day 3";"FS";24,09518638
"2065";"Day 3";"FS";46,98480717
"2066";"Day 3";"FS";41,38381616
"2067";"Day 3";"FS";36,77831575
"2068";"Day 3";"FS";35,62825487
"2069";"Day 3";"FS";18,77581479
"2070";"Day 3";"FS";8,239810134
"2071";"Day 3";"FS";12,23855732
"2072";"Day 3";"FS";28,29298328
"2073";"Day 3";"FS";4,188650054
"2074";"Day 3";"FS";16,97518918
"2075";"Day 3";"FS";17,36653978
"2076";"Day 3";"FS";22,05647328
"2077";"Day 3";"FS";22,55706445
"2078";"Day 3";"FS";47,25659198
"2079";"Day 3";"FS";33,75833479
"2080";"Day 3";"FS";20,68321478
"2081";"Day 3";"FS";29,27327618
"2082";"Day 3";"FS";16,76164328
"2083";"Day 3";"FS";21,75217239
"2084";"Day 3";"FS";13,26963411
"2085";"Day 3";"FS";23,72715371
"2086";"Day 3";"FS";10,25981092
"2087";"Day 3";"FS";26,03511617
